source1_entity_id	matched_entity_ids
S1-714132312	S2-187020300,S2-435263846,S2-637340732,S2-786029403,S3-625880872,S3-867809779
S1-106407869	S2-705547832,S3-585937637,S3-613056593
S1-156285671	S2-180394702,S2-591130136,S2-64661346,S2-971574924,S3-672973403
S1-689823050	S2-212601842,S2-319486263,S2-65478038,S2-829077756
S1-921369899	S2-107533354,S2-808920974,S3-285097097,S3-57594330,S3-779830725,S3-974282260
S1-481669221	S2-109470671,S2-284602321,S3-659756091
S1-909865979	S2-528901108,S2-819591958
S1-280204013	S3-331318086
S1-742053041	S2-238837028,S2-315673501,S2-316383096,S2-317425677,S2-446206310,S2-73207920,S3-415482884,S3-525870950
S1-913506265	S2-377106401,S2-813184149,S3-258414643,S3-388866191,S3-739817217
S1-479574617	S2-262582939,S2-443103183,S2-985539429,S3-120581080
S1-680637447	S2-405395037,S2-432659234,S2-876151147,S3-261988229
S1-870190130	S2-240957364,S2-520350664,S3-153733853,S3-184171664,S3-818367368
S1-365170694	S2-487943573,S3-223519390,S3-487843250
S1-778640743	S2-484690984,S2-673208513,S2-87750197,S2-933136796,S2-944021337,S3-467616579,S3-698916948
S1-378191895	
S1-684974736	S2-653794580
S1-750279127	S3-255669508
S1-209281220	S2-721568013,S2-873605695,S3-685313951,S3-893592109
S1-550154910	S2-128536476,S2-337846909,S2-43467331,S2-961664523,S3-677864101
S1-897975128	S2-269643891,S3-586433382
S1-704604312	
S1-628750886	S2-406813553,S2-696378102,S2-724882944,S2-98924716,S3-159214046,S3-361673112,S3-734992856
S1-714038427	S2-9389075,S3-343322433,S3-365290699,S3-446799221,S3-556092751,S3-966511608
S1-426194890	S2-12575838,S2-189578510,S2-206924199,S2-246461203,S2-902791828,S3-131842585,S3-295497808,S3-845358842,S3-931551781
S1-122385784	S2-252056941,S2-396702445,S2-971113636
S1-540642140	S2-936954782,S3-580888173
S1-123475953	S2-111933971,S2-123259164,S2-598519962,S2-803364981,S3-577626649,S3-669730032
S1-444801830	S3-697254767,S3-701255667,S3-8714040
S1-502376041	S2-100160948,S2-408714071,S2-54256234,S2-551281247,S3-230693496
S1-594021398	S2-251315845,S2-815532808,S3-133279691,S3-161627709,S3-686916460,S3-709854915
S1-261170522	S2-219840370,S2-470996829
S1-466641145	S2-962186738,S3-647607585,S3-652998887,S3-727489229
S1-99245709	S2-360918596,S2-563728223,S3-140946557,S3-332530974,S3-602269138
S1-339015166	S2-15078231,S2-262721816,S2-448485205
S1-614259237	S2-567665713,S2-852216067,S3-625725294,S3-679231596
S1-385801270	S2-181375275,S2-996551380,S3-344647101,S3-458628229,S3-569383913,S3-657208870,S3-682940094,S3-695195020,S3-888517135
S1-334672926	S2-440961035,S2-947681751,S3-356701721,S3-806110578,S3-947666892
S1-717749279	S2-161108937,S2-161644702,S2-28908401,S2-319754772,S2-51053506,S2-568505479,S2-702398603,S2-706286517,S2-768360552,S2-927950224,S2-941575394,S3-178555200,S3-247447724,S3-356834979,S3-40196306,S3-423648914,S3-636213355,S3-70000133,S3-7241692,S3-774105459
S1-564662660	S2-310193917,S2-315666782,S2-596549433,S2-989459301,S3-391835815,S3-703576675
S1-41643447	S2-821729760,S3-54250287,S3-567773394,S3-622841686,S3-893827785
S1-581360597	S2-360588134,S3-121863057,S3-140202709,S3-423460994,S3-483647320
S1-946184931	
S1-244940399	S2-212658896,S2-411880744,S2-747246542,S2-874696367,S3-762765809,S3-882809411
S1-616465752	S2-324066161,S2-345944480,S2-594032941,S2-823168242,S3-147090114,S3-175446583,S3-192564447,S3-438983968,S3-458899181,S3-72771132,S3-743384209,S3-768022601,S3-86017296,S3-861843440,S3-908332341,S3-992139503
S1-762904067	S2-820698936,S3-631059484,S3-707694506,S3-922664596
S1-261476747	S2-300243886,S2-969569602,S3-255859609,S3-449183302
S1-874436225	S2-241070484
S1-816918307	S2-317061826,S2-349475651,S2-627029064,S3-927534099
S1-52153457	S2-21787986,S2-411053329,S2-659968513
S1-867332501	S2-140322812,S2-42496734,S2-811800160,S2-974991070,S3-229462318,S3-302051180
S1-969300060	S2-549617192,S3-344702020,S3-835980117,S3-986110458
S1-930501805	S2-381325188,S2-440187663,S2-898172629,S3-391330203,S3-479069612,S3-870972432
S1-474452362	S2-735198548,S3-341245288
S1-802731895	
S1-39733947	S2-580478795,S2-804159974,S3-174633683,S3-488644516,S3-620721706
S1-807424751	S2-540060126
S1-269499779	S2-316196173,S2-946727480,S3-317413229
S1-574528784	S3-658303321
S1-402621048	
S1-684202485	
S1-85238196	S3-788905252,S3-84005391
S1-569369299	S2-138548353,S2-342223686,S2-510704576,S2-517162327,S2-852366896,S2-862521399,S2-972965871,S3-590336083,S3-909131114
S1-559615219	S2-859999503,S2-97021974
S1-684318101	S2-589772735,S3-394804953
S1-503487168	S2-283263592,S2-395132657,S2-509161349,S3-289438246
S1-967139755	S2-216102849,S2-514552799,S2-648800275,S2-864017360,S3-404840337,S3-503832896,S3-570238412
S1-983819279	S2-994783866,S3-381086524,S3-411332362,S3-4841809,S3-894193993
S1-577269922	S2-505047958,S2-800580498,S2-81075825,S3-39683702
S1-87832748	S2-133732812,S2-849305712,S3-431394326,S3-761117245
S1-295346696	S2-377674830,S2-621745304,S3-281922741
S1-252468250	S2-860072446,S2-883450503,S2-923936686,S3-388229193,S3-438057111,S3-876931773,S3-94299676
S1-781801397	S2-503602736,S2-69729289,S3-161766887,S3-194352960
S1-669434847	S2-181679408,S2-574183093,S2-82988694,S3-752438925
S1-570053103	S2-679419246,S2-748158708,S3-331267501,S3-48785381,S3-576990558
S1-736469556	S2-154565036
S1-483126440	S3-323121272,S3-348709689,S3-484224228
S1-270951405	S2-278557322,S2-384230788,S2-459405474,S3-602086739
S1-520799361	S2-493422360,S2-637256715
S1-81033582	S2-625290267,S2-75450184,S3-416587090
S1-56410032	S2-235105782,S2-649252464
S1-518847572	S2-211488825,S2-254012881,S2-260047691,S2-701214902,S3-6215726
S1-776267063	S2-171482703,S2-204797241,S2-260752288,S2-455205203,S2-717184067,S2-718897009,S2-733260575,S2-737899781,S2-810427923,S2-83541299,S2-84596345,S3-244644435,S3-245506963,S3-280656693,S3-715824603,S3-72456858,S3-757862095,S3-855226001
S1-35309228	S2-329722981,S2-353446484,S2-665524691,S2-987901283,S3-233063199,S3-277782359,S3-354225905,S3-453751428
S1-493139457	S2-233087519,S3-103561396
S1-895087526	S2-129240365,S2-152220795,S2-256367139,S3-519412552,S3-530481642,S3-632916147,S3-959979735
S1-829126727	S2-422537035,S2-906666146,S2-949147100,S3-453787850,S3-481336163,S3-500381182,S3-838499722
S1-457973373	S2-155002316,S2-571231650,S2-904777794,S3-200183523,S3-662048090,S3-76122686,S3-867827727
S1-74852342	S2-543121965,S2-724758025
S1-280936763	S2-429502844,S2-61171797,S2-700631541,S3-713087042
S1-999165514	S2-41721541,S3-441426760,S3-772474076
S1-395055615	S2-13855453,S2-309606107,S2-60030792,S3-232538235,S3-242263311,S3-261432985,S3-511871462
S1-862701045	S2-884464240,S3-704009840,S3-819165064
S1-674871004	S2-245011210,S2-370639390,S2-465693694,S2-507344364,S2-968538940,S3-194140865,S3-232114346,S3-23451684,S3-261225013,S3-660379787,S3-736273850
S1-287307821	S2-610871579
S1-273768056	S2-763322790,S2-82906936,S2-838127786,S3-16275066,S3-526615781,S3-690125736
S1-323395452	S2-76783549,S2-916927001,S2-939315177,S3-452385707
S1-4144001	S2-98210788
S1-512210875	S2-383409197,S2-691991634,S2-944342330,S3-13607381,S3-596834482,S3-62094977,S3-998257097
S1-143287441	
S1-351656683	S2-788301924,S2-835954210,S2-877324606,S3-977956594
S1-83258310	S2-103681887,S2-269091282,S2-303700522,S2-377576266,S2-42211027,S2-527562969,S2-583040643,S2-97347354,S3-145426604,S3-21578032,S3-391666079,S3-394334787,S3-770651045
S1-126274111	S2-581900957,S2-609699297,S2-74153584,S2-775330636,S3-291143354,S3-789318535
S1-991875825	S2-415643653,S2-839485158,S3-366452871
S1-219350089	S2-194720884,S2-668557219,S2-950809230
S1-476026008	S2-774400734,S3-312187949,S3-766205454
S1-595583207	S2-218204625,S2-248407523,S2-380887137,S2-450570100,S2-705215197,S2-715871670,S3-33119337
S1-660977005	S2-335025186
S1-106130112	S2-398931954,S3-442485617
S1-383508132	S2-44875347
S1-960747316	S2-517236620,S3-22960445,S3-316989129,S3-374035710,S3-603392866,S3-658472900,S3-811911602
S1-78181547	S2-134528119,S2-644804058,S3-110130385,S3-166469939,S3-29652287
S1-44674670	S2-235912348,S2-398568465,S2-723992969,S2-962874009
S1-712639027	S2-309210999,S2-471564872,S2-488802015,S2-750127510,S3-152447787,S3-304334739,S3-398126251,S3-452081215,S3-676173763
S1-875777939	S2-827660040,S3-278145035,S3-785706866,S3-921257055
S1-906720062	
S1-868609391	S2-409220416,S2-539982339,S2-587030502,S2-716995163,S3-550303365
S1-842551642	S2-287604483,S3-774028643,S3-904661946
S1-977549219	S2-477946764,S2-909422737
S1-345501851	S2-21007600,S2-212834292,S2-617679794,S3-526884354,S3-696627190
S1-465557953	S2-380337490,S2-38518589,S2-637035013,S2-943805485,S3-31637072,S3-412396274,S3-750299649,S3-972494986
S1-548433616	S2-580499195,S2-615586385,S3-11519900,S3-317330782,S3-504953347
S1-542615632	S2-301346747,S2-468586306,S2-491777443,S3-31043964,S3-800359158
S1-396150929	S2-194451194,S2-307793448,S2-460586126,S2-764558564,S2-823307685,S2-925538452,S2-969536388,S2-969667416,S3-298471532,S3-597757333,S3-651414875,S3-811577192
S1-370806262	S2-311209566,S2-350775005,S2-762677845,S2-848125257,S2-987494138,S3-401430776,S3-628962677
S1-149784022	S2-942863627,S3-452287724,S3-970241343
S1-208197675	S2-191467698,S2-273661652,S2-549510019,S2-699051302,S2-803059532
S1-621024	S2-952214786,S3-106912523
S1-479716586	S2-474269595,S2-83078626,S3-450670289,S3-889770482
S1-73366741	S3-640490192
S1-866981273	S2-904325839,S2-965606272,S3-847294085,S3-986261809,S3-99688527
S1-48247433	S2-129111470,S2-276436283,S3-560009120
S1-139090022	S2-113604309,S2-582748273
S1-503254241	S2-466631483,S2-611417535,S3-180251995,S3-352628455,S3-354938903,S3-559397696,S3-587541774
S1-102847291	S2-703638062,S2-740497225,S2-761067772,S2-974779753,S3-684463113,S3-719200435,S3-828172850,S3-896918489
S1-619110488	S2-789514587,S2-828300188,S2-898202676,S2-977035502,S3-901496276
S1-623031914	S2-226906049,S2-925283658
S1-215270294	
S1-762005078	S2-750793699,S2-864646605,S3-582060418
S1-983603694	S2-873144309,S3-132171316,S3-236864027,S3-304223423
S1-437281614	S2-360237399
S1-590781135	S2-153075084,S2-388074335,S2-708944814,S2-795335166,S2-874094552,S2-939075449,S3-560980831
S1-423414451	S2-157115001,S2-671513240,S2-945322452,S3-242791940,S3-682220747
S1-847114478	S2-549083582,S3-186966055,S3-31417382,S3-469034058,S3-729259453
S1-526334226	S2-407589959,S2-467362230,S2-711227408,S3-209531242,S3-477707800,S3-5213817,S3-930784323
S1-381894503	S2-104016432,S2-306256666,S2-781392633,S2-999699023,S3-478690057,S3-484890428,S3-719591193
S1-313092170	S2-965718654,S3-257078759,S3-378715208
S1-60876864	
S1-261642209	S2-600368334,S2-613574387,S2-964573270
S1-78728267	S2-444637313,S2-782343573,S3-250187940,S3-568078798,S3-768860985
S1-308199161	S2-226071564,S2-374903438,S2-989600045
S1-358927120	S2-278205236,S2-922185608,S3-147802052,S3-96746280
S1-337122273	
S1-650650055	S2-151082808,S2-275919566,S2-394372248,S2-454312855,S3-235343633,S3-362504010,S3-539777331,S3-644215342,S3-719454268
S1-834257002	S2-108197339,S2-184048617,S2-328162293,S2-329632828,S2-497520865,S2-532696465,S2-607964859,S3-677107608
S1-937349180	S2-250920708,S2-294937030,S2-336491925,S2-472576176,S2-523626862,S3-636253579
S1-725006887	S2-27864753,S2-808868738,S2-89479013,S3-410476892,S3-412921025
S1-820730560	S2-844921308,S2-884877277,S3-156443522,S3-205029637,S3-879054506
S1-47803313	S2-174159267,S2-484711393,S2-558965612,S2-572035044,S2-622555098,S3-403085969,S3-438519975,S3-556511876,S3-986269077
S1-385569722	S2-130357343,S2-595801949,S3-438309312,S3-563079953,S3-913845405,S3-964417518
S1-453884385	S2-551937352,S3-302762790,S3-569979164
S1-650304466	S2-142780721,S2-531620956,S2-842540971,S2-947572208,S3-372125338
S1-762839052	S2-185497740,S2-521903677,S2-594080516
S1-550679918	S2-741962438,S2-804398499,S3-161648420,S3-437838670,S3-510734001,S3-527645230
S1-659666950	S2-475704840,S3-495978988
S1-772914073	S2-277748679,S3-124342546
S1-860482342	S2-254164456,S2-744683107,S2-841825975,S3-353364605,S3-677464690,S3-984005179
S1-813052697	
S1-366528589	S2-341544452,S2-628817632,S2-76601304,S2-942900712,S3-239459493,S3-269373616
S1-720336913	S2-162555863,S2-16943696,S2-261824604,S2-264383023,S3-209882281,S3-24123387,S3-395941400
S1-640880009	S2-144777712
S1-887500171	S2-212873906,S2-231930565,S2-366323201,S2-506881193,S2-70127952,S3-229248131,S3-744522102,S3-784329278
S1-971996731	S2-686992599,S3-605242529,S3-637675888,S3-96426561
S1-104317115	S3-661034722,S3-861397474
S1-518257638	S2-668119756,S3-473668087
S1-884660527	S2-145842044,S2-345752888,S3-32149338,S3-38490669,S3-763465822
S1-910004085	S2-27845718,S2-579214899,S2-864335198
S1-591894902	S2-522638411,S2-614338178,S3-308159053,S3-326540337,S3-86643069
S1-142638295	S2-237661324,S2-461729876,S2-899123465,S3-868858044,S3-869189473
S1-950720921	S2-17642363,S2-435734109,S2-523443947,S2-781635311,S3-350913233
S1-183285524	S2-2253067,S3-618630885
S1-714649207	S2-180891391,S2-605110430,S3-282505026,S3-649270030,S3-951221352
S1-841168517	S2-881658089,S2-900423789,S3-152207060,S3-796810596
S1-819898451	S2-237962325,S2-283043147,S2-931592802,S3-86970259
S1-949091955	
S1-552966879	S3-942939738
S1-220057580	S2-293409964,S2-461373547,S2-721485523,S2-964696089,S3-11680805,S3-186230804
S1-64462728	S2-104647063,S2-88332881,S2-958356631,S2-96025297,S3-190954263
S1-807938084	S2-753764184,S3-161916713
S1-693870315	S2-811518815,S2-837136038,S3-382784231
S1-455827432	S2-991644625,S3-944239364
S1-527611593	S2-21640846,S2-606037572
S1-727773972	
S1-279446676	S2-308980044,S2-75992472,S3-879007585
S1-918109974	S2-177946209,S3-288692994,S3-579849100,S3-604968655,S3-622084470
S1-615018738	S2-110661751,S2-40337007,S2-501408343,S2-693064683,S3-263733579
S1-666592077	S2-170510286,S2-532058466,S2-545121001,S2-600661590,S2-774301246,S2-871213880
S1-509532493	S2-1709893,S2-481586455,S2-575171623,S3-138608272,S3-428708300,S3-667383027
S1-992285010	S2-209420378,S2-63811513,S3-216741187,S3-724887968,S3-823215288
S1-382076507	S2-257906662,S2-815604651,S2-98770559,S2-994534543,S3-436419950,S3-457374240,S3-49671075,S3-61597037
S1-185535466	S2-381918299,S2-594442479,S2-917768056,S3-267292365,S3-729323999,S3-993799620
S1-799535694	S2-338631209,S2-533198227,S2-897255312,S3-120702021,S3-347536851,S3-420370913,S3-633482386,S3-684179268,S3-980282803,S3-986349796
S1-598558953	S2-932444510,S3-723460337,S3-968292918
S1-222645796	S2-250923568,S2-335330955,S2-73658068,S2-802513739,S3-561990506,S3-630677920,S3-733557681,S3-789967438
S1-192481319	S2-394271712,S2-4646818,S3-23915995,S3-248807200,S3-618033097
S1-413573159	S2-534874301,S2-769895025,S3-114162357,S3-296666306,S3-778844719,S3-950581093
S1-782634160	S2-200899200,S2-958316746,S3-219810957,S3-420708695,S3-435250891
S1-394334841	S2-682039,S2-767403490,S2-838259380,S3-245226167,S3-321782754
S1-759762834	S2-101559240,S2-509926960,S3-560920391,S3-82787128
S1-653070765	S2-131869888,S3-581396784,S3-75204848
S1-94096071	S3-517316373,S3-920819522
S1-682391735	S2-526071240
S1-559968662	S2-50618159,S2-805714849,S2-843665295,S2-878143505,S3-321970595,S3-47167568,S3-943275086,S3-992298154
S1-964877324	S2-265576935,S2-395806777,S2-426054187,S2-44484933,S2-524118055,S2-831798734,S3-559560261,S3-839348910,S3-9720805
S1-883416047	S2-345750695,S2-854721614,S3-440793657
S1-182458975	S2-174773041,S2-208886077,S2-478735920,S2-526167007,S2-988827186,S3-529429526,S3-671266959
S1-339269492	S3-105839883,S3-22377139
S1-621676240	S2-333579847,S2-443227034,S2-84870559,S3-328434180,S3-405370987
S1-103138354	S3-388231698
S1-279963953	S2-34827902,S2-74020336,S2-981120565,S3-113718798,S3-286285734
S1-317707487	S2-164517163,S2-197128146
S1-391244573	S2-12117928,S3-166909045,S3-617600074,S3-931220310
S1-603458137	S3-805929696
S1-429550703	S2-184149990,S2-199724877,S2-389902368,S2-40728242,S2-661726688,S2-67903463,S3-34732145,S3-413542027,S3-79826289
S1-302219416	S2-339905976,S2-619281000,S2-794642445,S2-877188898,S3-137607952,S3-375913807
S1-693956169	S2-260973802,S2-27080238,S2-4611288,S3-105789238,S3-202856170,S3-592419390,S3-753257823,S3-862811984
S1-837916944	S2-298100855,S2-388255177,S2-583392216,S2-803729233,S3-170859479,S3-29169382,S3-367227294,S3-4170986,S3-483578878,S3-483798406,S3-603245102,S3-845185779,S3-881063813,S3-904722267
S1-336786786	S2-204724701,S3-383999483
S1-800911534	S2-157906621,S2-199446923,S2-344623182,S2-460623120,S3-398248667,S3-633392691,S3-736628485,S3-767038366
S1-181883447	S3-289476561
S1-1433093	S2-694334841,S2-749930455,S2-976106067
S1-733472967	S2-233823862,S3-573045652
S1-89100953	S2-773805690,S2-780660598,S2-972087927
S1-848293840	S2-642789912,S2-679649998,S3-200269765,S3-235310721,S3-270115458,S3-495878303,S3-841358941,S3-976990015
S1-17003766	S2-17689221,S2-201154428,S2-475799573,S2-512777166,S2-526838623,S2-653673342,S2-851481418,S2-894489546,S2-898435665,S2-979566966,S3-107432071,S3-297872373,S3-386853946,S3-525545134,S3-585054124,S3-714994502,S3-793382088,S3-834992361,S3-883709464,S3-992933777
S1-915512126	S2-255162046,S2-519712884,S2-684392660,S2-743113214,S3-176140138,S3-704943458
S1-901504091	S2-667819447,S3-309654028,S3-383490660,S3-541222853,S3-875740207,S3-960469208
S1-724741475	S2-155098931,S2-406960181,S2-606472999,S2-855144355,S2-941303124,S3-266723478,S3-266895746,S3-354130618,S3-390632769,S3-823669885
S1-851421910	S2-228854275,S2-422709661,S2-699301426,S3-447099211,S3-532090205,S3-736576653,S3-994781915
S1-430298053	S2-397242502,S2-532197952,S2-629094404,S3-141533889,S3-766866594,S3-977572306
S1-307277652	S2-264426845,S2-546977368,S3-30696911,S3-977114810
S1-503010787	S2-345146200,S2-643631810,S3-431582102,S3-539084269,S3-651819506
S1-520627257	
S1-667272642	S2-152218404,S2-303298605,S2-32220294,S2-361038008,S2-361863238,S2-486558620,S2-8916669,S2-91368041,S2-92922821,S3-247513275,S3-288436621,S3-318683937,S3-347006338,S3-862285464,S3-871853397
S1-827961773	S2-212797564,S2-434334780,S2-614356206,S2-696623420,S2-776909608,S2-963791726,S2-965689853,S3-364110319,S3-440336078,S3-449101992,S3-666859234,S3-754125041
S1-255349799	S2-553828428,S3-295673786,S3-790134729
S1-418524279	S2-337652709,S2-377749987,S2-42129313,S2-722100934,S2-760069363,S2-819675810,S2-863536320,S2-881622671,S2-992947431,S3-19393151,S3-226648281,S3-550561610,S3-632154667,S3-732108958,S3-765302009,S3-803360184,S3-8302645,S3-836455649
S1-661144640	S2-295716273,S2-862791934,S3-879963071,S3-999578486
S1-892745196	S2-172985370,S2-555150947,S2-676306549,S2-807384967,S3-257444844,S3-530232127
S1-751409146	S2-747989581,S3-229628380,S3-762215187,S3-841232170,S3-864009858
S1-13506955	S2-182444364,S2-462737651,S2-730414002,S3-359760971
S1-262020943	S2-326037526,S2-442257188,S3-261700922,S3-337711182,S3-68980950
S1-746909581	S2-375983485
S1-481776787	
S1-870654726	S2-396413206
S1-459183905	S2-304625988,S2-314676189,S2-551080906,S2-642625113,S2-940849,S3-216123505
S1-782456413	S2-460158323,S2-696012644,S3-837531760
S1-687813152	S2-263413207,S2-608308924,S2-679848430,S3-710247440,S3-798873468
S1-528962373	S2-323502734,S3-437572180,S3-542715889,S3-852755304
S1-133484055	S2-108381409,S2-211962563,S3-114874820,S3-781645205,S3-834401847
S1-784673398	S2-413804324,S2-442684553,S3-72841455,S3-933859987
S1-162954117	S2-835102949,S2-866150247,S3-724395502
S1-547053441	S2-441498593,S2-791288454,S2-896342968,S3-353412449,S3-367265481,S3-766620076
S1-302536542	S2-503398864,S3-142611236,S3-142831455,S3-323575487,S3-494911393,S3-971116668
S1-457601305	S2-521820814,S2-554110752,S2-673136247,S2-969235675,S3-357355808,S3-730458680,S3-880101007
S1-488635826	S2-773133873
S1-349698918	S2-529925366,S2-66477043,S2-852184431,S3-109887568,S3-5371667,S3-541968
S1-72706873	S2-176187828,S2-254553616,S2-940804644,S3-263078882,S3-490781512,S3-72404641,S3-980367481
S1-78029452	S2-703379046,S3-549161197
S1-717385838	S3-552629774
S1-11379912	S2-303691216,S2-635303118,S2-750720584,S3-485744950,S3-680233461
S1-655700316	S3-805064781
S1-484349079	S3-113246901,S3-600765030,S3-601415960,S3-640758795,S3-686593460,S3-80095208,S3-873781473
S1-595486290	S2-184142718,S2-229398976,S2-40074615,S2-510748973,S2-666796763,S2-787165404,S2-82408242,S2-964632227,S3-395341397,S3-689644173,S3-719628089
S1-889012090	S2-223338709,S2-287334188,S2-620204661,S3-265734095,S3-281155980,S3-334068538,S3-358512104,S3-433047805,S3-70505823,S3-772359534
S1-748500004	S2-165335827,S2-306723102,S2-312706641,S3-249608763
S1-587404171	
S1-986604838	S2-423356920,S2-768406948,S3-4726789,S3-547786917,S3-602859470,S3-616074062,S3-86396304,S3-903634462,S3-948858105
S1-766408899	S2-698432089,S2-749107195
S1-507163415	S2-222304285,S2-227805812,S2-293249103,S2-955628052
S1-873761236	S2-599101735,S2-796099704
S1-655802552	S2-112263683,S2-131847971,S2-617044084,S2-661143069,S2-780119207,S2-780203637,S3-157233624,S3-381738696,S3-454667030,S3-494393611
S1-327983313	S2-359606381,S2-505184940,S3-106384703
S1-77383698	S2-175969252,S2-315170736,S2-332303794,S2-596643174,S2-83590999,S2-919745373,S3-556176569
S1-273531258	S2-872207890,S3-982510707
S1-772535560	S2-995299451,S3-741089434,S3-911404997
S1-598136304	S3-207307508
S1-789788578	
S1-346777444	S2-24045126,S2-555447790,S2-896463322
S1-544222533	S2-149495984,S2-172430353,S2-182568685,S2-190887737,S2-265295530,S2-331095194,S2-627986347,S2-932799320,S3-16849534,S3-320690024,S3-597703240,S3-783019269
S1-493959729	S3-10104461,S3-142341010,S3-432925232,S3-651860921,S3-691223771,S3-728832649,S3-773383671,S3-802682983
S1-430462466	S2-413829215,S2-873269957,S2-964867476
S1-792204527	
S1-788563249	S2-805916277,S3-136073159,S3-307943806,S3-322690603,S3-868709516,S3-875372938
S1-198662647	S2-235142839,S2-264873064,S2-736672226,S3-696423070,S3-787566873,S3-849257316
S1-431137009	S2-458917662,S2-615119950,S3-149023804,S3-383791259
S1-22335277	S2-341571081,S3-276456431,S3-888944724
S1-291584542	S2-377700800,S2-426040361,S2-984555098
S1-556611862	
S1-32767080	S2-341381990,S2-881934994,S2-947904269,S3-132323777,S3-249785537,S3-553223448,S3-762866826,S3-976632560
S1-242691036	S3-499010275,S3-60416518
S1-770890247	S2-503277001,S3-503784177
S1-276402071	S3-286516942
S1-936869465	S2-150861512,S2-211051743,S2-339429966,S2-585835744,S2-685507522,S2-8354942,S2-876971794,S2-888730788,S2-918106037,S2-925376680,S2-977073531,S3-278512090
S1-201994316	S2-348615551,S2-629267940,S2-9398298
S1-905520099	S2-635749142
S1-766655509	S2-118345329,S2-14965784,S2-151082852,S2-324514722,S2-500567211,S2-801417839,S3-968239728
S1-415414688	S3-104534791,S3-351215890,S3-636208465
S1-133928599	S2-148158965,S2-168720522,S2-245977262,S2-261558068,S2-428761102,S2-431816172,S2-485210527,S2-501209898
S1-871112769	S2-205947818,S2-346392565,S2-561370006,S2-565741991,S2-851055500,S2-986982671,S2-998002212,S3-298040365,S3-308688089,S3-338228894,S3-342024117,S3-360746581,S3-405978876,S3-563169288,S3-581892797,S3-622843178,S3-628980778,S3-665871438,S3-728915911,S3-800719109
S1-948985690	S2-218345611,S2-572536105,S2-680980126,S2-731053221,S2-751879798,S3-435297936,S3-830433871
S1-653149647	S2-106195670,S2-237169429,S2-592481835,S2-771594640,S3-352389157,S3-477220717
S1-657251225	S2-468732405,S2-496973392,S2-594468284,S2-911102732,S3-709721988
S1-244474490	S2-727934623,S2-850711259,S3-572464947,S3-623617439,S3-706227830
S1-857992844	S2-293613144,S2-3663672,S3-159487450,S3-782180487,S3-95051777,S3-996390266
S1-197043206	S2-955766080,S3-192291597,S3-380201505,S3-404963448,S3-777728638
S1-269094403	S2-354866941,S3-315835824,S3-579698598
S1-355078971	S2-219605461,S2-967043770,S3-259531664,S3-775158205,S3-823212755
S1-51627651	S2-623838455,S2-768379176,S3-418649267,S3-543808193,S3-791091478,S3-986477165
S1-288364156	S2-195092216,S2-650050523,S2-807294671,S2-905286611,S3-333229631
S1-500222888	S2-272662038,S2-302803808,S2-836598009
S1-247274429	S2-132066220,S2-914209286,S3-526333854,S3-9265558
S1-260204874	S2-643867241,S3-753873158
S1-511066423	S2-33971433,S2-368783898,S2-434485723,S2-498108459,S2-68815964,S2-866570582,S2-895883320,S2-979512749,S3-531726421,S3-539500733,S3-826904878
S1-605505884	S2-662485283,S2-67625921,S3-365373404,S3-486634272,S3-96744294
S1-882791035	S2-340167628,S3-674457549
S1-868105169	S2-659966345,S2-778153598,S2-795787378,S3-204119210,S3-25927102,S3-58791393
S1-764707596	S2-103486184,S2-265389092,S3-152197289,S3-827440207,S3-925445120
S1-962993818	S2-306242416,S3-503847549,S3-88886836
S1-608940471	S2-165456913,S3-294522941,S3-630874449
S1-346760887	S2-390177264,S2-856893245,S3-241943445,S3-554217367,S3-626595903
S1-597621907	S2-272162607,S2-56804980,S2-948710445,S3-215349746,S3-28054691,S3-82113052
S1-36048451	S3-589715619,S3-948279061
S1-98985291	S2-255642223,S2-813078766,S3-856746312,S3-974597054
S1-368908513	S2-300656390
S1-504750404	S2-453591022,S3-234941771,S3-25606714,S3-545155168,S3-70734663
S1-687138169	S2-347711359,S2-418853159,S3-245298540,S3-672052844,S3-802730094
S1-576111952	S3-177317998,S3-372012280,S3-58767697,S3-668880039,S3-722309097
S1-907329636	S2-217389041,S2-458961697,S2-494690085,S2-529514881,S2-539670103,S2-549615138,S2-675959938,S2-755138518,S2-780268114,S2-876889991,S2-918705389,S3-18071366,S3-413457118,S3-632137448,S3-970433216,S3-97473740
S1-220372723	S2-133282411,S2-636774010,S2-926164200,S3-279850472,S3-532711059,S3-615061169
S1-591377734	S2-249831262,S2-287903578,S2-388657964,S3-473420679,S3-505601598,S3-631249460,S3-869085204
S1-915233460	S2-312521509,S2-66913979,S3-193251751,S3-441561694,S3-916903152
S1-808794467	S2-28494204,S2-961242646,S3-144816318,S3-194019715
S1-119248132	S2-608592049,S2-688960533,S2-783260456,S2-798840309,S3-410239058,S3-477936136,S3-865595322,S3-870523767
S1-710758303	S2-182494628,S2-246777257,S2-410134977,S2-526181027,S2-583217668,S2-653826806,S2-77214336,S3-538369895
S1-105001584	S2-272302541,S2-539918232,S2-862646267,S3-373422047
S1-382212549	S2-950810866,S3-449912900,S3-534390755
S1-35578091	S3-712109936
S1-34932143	S2-61291987,S2-903437380,S3-906808069
S1-545791724	S3-688615955
S1-869422569	S2-996492139,S3-327805350,S3-555812430
S1-844617434	
S1-488174268	S3-53857032,S3-709307418
S1-963501196	S2-751531434,S3-511383369,S3-84034568
S1-531518308	S2-541033204,S2-744729615,S3-935380897,S3-992865752
S1-288588262	S2-505214118,S2-688547635
S1-94665545	S2-394684830,S3-107886033,S3-197335675,S3-212427522,S3-523271833
S1-460829054	S2-460644550,S2-558097065,S2-935101777,S3-15998198
S1-817207769	S2-151628700,S2-378131350,S2-814987512,S3-341661090,S3-408502038
S1-923121813	S2-213300952,S2-558499512,S2-683888374,S2-758846935,S2-7846467,S3-261186490
S1-937797030	S2-273199115,S2-306365270
S1-305324409	S2-538431328,S2-673153688,S2-716339540,S3-983020230
S1-927419156	S2-106810597,S2-109490224,S2-150580394,S2-165648880,S2-284202834,S2-378284001,S2-566421050,S3-101972607
S1-261393939	S2-663333137,S2-952772786,S3-378597581,S3-798716809
S1-158003567	S2-752999526,S2-891380906,S3-824155443
S1-772204055	S2-13831009,S2-54075828,S2-575486031,S2-92935353,S3-150953595,S3-388664178,S3-731819112
S1-901881022	S2-318672437,S2-563621915,S2-829201391,S2-832025860,S2-873204273,S3-403014501,S3-448574371,S3-535104526,S3-914998219
S1-958709603	S2-217787070,S2-770345966,S3-99342904
S1-864062904	S2-398329191
S1-389115869	S2-213763261,S2-933179083,S3-15587500,S3-225844307,S3-440231971,S3-723668070
S1-32131273	S2-161816573,S2-22873084,S3-311981846,S3-37999841,S3-616094707
S1-485290093	S2-391470171
S1-449015682	S3-190665363,S3-401846060,S3-511453450,S3-567464653,S3-983821463
S1-273693856	S2-474719554,S2-808052299,S3-553546546,S3-999799258
S1-216847975	S2-166438074,S2-289504295,S2-590393272,S3-250695683
S1-942180728	S2-569178386,S3-481129684
S1-704576365	S2-261312440,S2-469463765,S2-762616692,S3-295120158,S3-672631699
S1-706359294	S2-226249663,S2-662224042,S2-723462786,S2-833115076,S3-83193807
S1-688852755	S2-247870148,S2-96119259,S3-180948633
S1-501963178	S2-374506556,S2-425632395,S2-582984232,S2-777145063,S2-908376535,S3-477051379,S3-66364849
S1-428039663	S2-232069665,S2-286541968,S2-299350771,S2-300649735,S2-762997974,S2-898087040,S3-139699012,S3-199638197,S3-341958184,S3-378068001,S3-503750596,S3-66134298,S3-725553657,S3-940791367
S1-394925431	S2-570036665,S2-824136137,S2-975551884,S3-549479398,S3-828294643,S3-830009176
S1-29387523	S2-29786985
S1-960221997	S3-2003041
S1-369896511	S2-503256370,S2-61620417,S3-237385457
S1-973133967	S3-630872867,S3-856305612,S3-936754916
S1-957109842	S2-674944206,S2-786869610,S2-895104475,S3-34191363
S1-718126154	S2-47201750,S3-424285521,S3-574362672,S3-756152681,S3-817104725
S1-657028371	S2-438843768,S2-552819796,S2-646287231,S2-998699940
S1-122221465	S2-30843954,S2-626722746,S2-771735118,S3-290887544,S3-361144509,S3-789976001
S1-241758739	S2-569620637,S2-897389308,S3-626550712,S3-768672609,S3-782185266,S3-891624214
S1-292853265	S2-301672154
S1-563412246	S2-222720857,S2-333511902,S2-80635030,S3-120417277,S3-86295170
S1-635915279	S2-304689515,S2-564378421,S3-187227330,S3-262596726,S3-517898003,S3-743699948
S1-257953143	S2-140417853,S2-313189607,S2-388518834,S2-987201889,S3-859478382
S1-935953663	S2-175441980,S3-445850071,S3-556211583
S1-66970748	S2-250704389,S2-379060271,S2-959745357
S1-613214928	S2-602193104,S2-771376585
S1-68168779	S3-61291610
S1-181117450	S2-305180442,S2-333925993,S2-717260584,S3-331581607,S3-458100315,S3-75699781,S3-839136802
S1-337798606	S2-578647913,S2-745088222,S2-965135806
S1-877808612	S2-723216419,S2-856428868,S2-880299858,S3-637712252,S3-690283865
S1-991838189	S2-511172751,S2-525090644,S2-74331966,S3-461116847,S3-637886771
S1-415245659	S2-312524918,S2-847714405,S2-881342207,S3-270146427,S3-498659347
S1-860794391	S2-737047278
S1-590126941	S2-316239802,S2-539823656,S2-649078488,S2-826009647,S3-153945319,S3-219891507,S3-28524867,S3-499959216
S1-852807313	S2-191542582,S2-497467536
S1-643209618	S2-572524062,S2-876959001,S3-421937674,S3-496395770,S3-642887610
S1-581863940	S2-280495673,S2-717056224,S3-757260746,S3-905513936
S1-225821819	S2-119411230,S2-126459144,S2-271697456,S2-28360743,S2-489079031,S2-499676952,S2-54316444,S2-582600250,S2-621529761,S2-642782232,S2-730042964,S2-79048222,S2-84788973,S2-901873653,S2-910873623,S2-919778680,S2-998649746
S1-778630887	S2-379266111,S2-8956786,S3-103392578,S3-646770122,S3-683393227,S3-923859275
S1-377916068	S2-157594268,S2-310348239,S2-328561799,S2-513937277,S2-85544731,S3-472459483,S3-705091741
S1-37907520	S2-644690671,S2-773931107
S1-637166800	S2-495814550,S2-961334609,S3-672609678,S3-980674923
S1-352595333	S2-416823794,S2-491906776,S2-836898663,S3-850250499
S1-333194875	S2-172171876,S2-826081302,S2-844884966,S3-363368257,S3-399657159,S3-540222309,S3-632268932,S3-673870902,S3-773540314,S3-872164839
S1-260721574	S2-635004511,S2-940550345,S3-388673574
S1-677484813	S2-513585161,S2-686217912,S2-825413356,S2-92781041,S3-131960377,S3-913419135,S3-985253425
S1-568320501	S2-394456858,S2-484886496,S2-665104789,S3-520665885,S3-603949070,S3-669726840,S3-681563697,S3-896982362,S3-984695101
S1-759995112	S2-719065552,S2-832667915,S3-486246546,S3-67786041
S1-443768681	S2-138952217,S2-337510589,S2-35222127,S2-425172917,S2-604604354,S2-764858845,S3-103193937,S3-643327705
S1-170472252	S3-356215358
S1-311511012	S2-874954820,S3-868825639
S1-224275529	S2-310998882,S2-351771305,S2-387951835,S2-629788732,S2-706012221,S2-746217361,S2-995127651
S1-427329185	S2-517683835,S2-594138380,S2-725027059,S3-41829685,S3-669199922
S1-417606815	S3-46833277,S3-47625958
S1-488457630	S2-264423026,S2-453978657,S2-890780929,S2-910991104,S3-6434216
S1-818470647	S2-354167940,S2-619667608,S2-916383707,S3-510083948
S1-534346740	S3-65691379,S3-66663897
S1-729626041	S2-211620076,S2-552335943,S2-950540504,S3-26527680,S3-532064557,S3-823193070
S1-204633959	S2-316618601,S2-558685396,S3-321053165
S1-155512047	S2-124751449,S2-324283845,S2-330535005,S2-372486708,S2-376637408,S2-466097255,S2-511096784,S2-551192969,S2-572476279,S2-586841235,S2-748370642,S2-873295227,S2-921261138,S2-932068344,S2-994210922,S3-795234301
S1-553186193	S2-44802722,S2-8894626,S3-103139679,S3-375137324,S3-517444925
S1-42502314	S2-55028113,S2-624922274,S2-791975914,S2-805973378,S3-239027294,S3-264667353,S3-997439599
S1-317114355	S2-547343729,S2-605047420,S2-814329957
S1-334574390	S2-206219314,S2-277717605,S2-933342629,S3-463294876
S1-649110450	S2-159027352,S2-361859801,S2-41552331,S2-959401357,S2-994320676,S3-154145893,S3-218837713,S3-703016194
S1-533417053	S2-275528779,S2-717502840,S2-891850639,S3-367917299,S3-603595544,S3-663983412
S1-152550844	S3-259948008,S3-348122537,S3-509245051,S3-611297391
S1-643493833	S2-460957855,S3-104805412,S3-85298591,S3-992621756
S1-734921625	S2-205945857,S2-258649946,S2-288391982,S2-299765547,S2-378790577,S2-395968980,S2-431503776,S2-433201823,S2-569589359,S2-77961602,S2-812284224,S2-886877109,S2-970919070,S3-434317753,S3-508957147,S3-765379426
S1-68108533	S2-638829953,S3-23940627,S3-805756321
S1-789286562	S2-135641356,S2-496571830,S2-562106104,S3-338322650,S3-858211493
S1-493735795	S2-76078505
S1-870309113	S2-575199441,S3-153614493,S3-192165399,S3-200795467,S3-209924997,S3-706760438,S3-744963495,S3-837581109,S3-907848864
S1-755184527	S2-34510599,S2-521625017,S3-349342382,S3-648093093,S3-894213667
S1-741750910	S2-102449220,S2-234474158,S2-346140640,S3-678371886
S1-396704474	S2-898635177
S1-77449994	S2-259005526,S2-439800555,S2-881579349
S1-607302089	S2-172217048,S2-322362124,S2-611621507,S3-204889891,S3-21573471,S3-441341258,S3-673934048
S1-80873383	S2-329763219,S2-794766515,S2-80872589,S2-814750802,S2-865167437,S3-127719330,S3-135773644,S3-189526672,S3-235754378,S3-285968507,S3-372790975,S3-412051931,S3-431093437,S3-543545678,S3-646665112,S3-775330631,S3-792509030,S3-992155952
S1-194589041	S2-54469895,S3-41949759,S3-48865405,S3-702161414,S3-880114367
S1-550464269	S2-101582651,S2-412816698,S2-863734083,S3-495502933,S3-69245781,S3-765393839
S1-405440827	S2-621599688,S2-712589242,S2-855072345,S3-534206930
S1-500922440	S2-101426654,S2-164810916,S2-332841886,S2-340393302,S2-666996981,S2-760355699,S2-807806179,S2-874380773,S3-222032765,S3-231297963,S3-26564204,S3-360140904,S3-375333875,S3-479392485,S3-541444996,S3-676605393,S3-940183857
S1-111694025	S2-315885501,S2-407284706,S2-489274274,S3-654727361,S3-803364604
S1-760235082	S2-350355118,S2-659486826,S2-711668504,S3-712615492
S1-445143782	S2-453448432,S2-526435635,S2-556544936,S2-690616500,S2-847824176,S2-867585785,S3-519684761
S1-17665971	S2-83505977,S3-158445173,S3-34560213,S3-496161403,S3-582282108
S1-131623880	
S1-453383072	S2-121184502,S2-324606726,S2-694584321,S2-950608775,S3-514209056,S3-803589384
S1-573827896	S2-333894886,S2-622861417,S2-839509841,S3-867855264
S1-740059747	S3-603752635,S3-78168141,S3-999124758
S1-979645754	S2-158178824,S2-33576702,S2-553813720,S2-736452575,S3-595302669,S3-631581269,S3-956106421
S1-5694837	S2-646934249,S2-735230833,S3-91486203
S1-895155435	S2-330210804,S2-560295438,S2-629630690,S3-279771653,S3-680469339
S1-552090769	S3-871308262,S3-878014928,S3-997452390
S1-444520529	S2-156324323,S2-399160576,S2-530263611,S2-603766581,S2-718766170,S2-982694384,S3-530449927,S3-574471997,S3-897997786
S1-481259122	S2-815121682,S3-744897618
S1-170318976	S3-421139932,S3-56473701,S3-859100872
S1-254586049	S2-776502444,S3-104716626,S3-272428850,S3-314532534,S3-332845606,S3-483820078,S3-670468240,S3-866781987,S3-868794871,S3-947432464
S1-626957328	
S1-820877559	S2-949358053,S3-538718785
S1-111296778	S3-133772120,S3-208264360,S3-55490064,S3-637871505
S1-847310129	S2-239734521,S2-259509096,S2-290739541,S2-867721467,S3-188756373,S3-1895949,S3-315299900,S3-327350476,S3-44946170,S3-843364436
S1-546941880	S2-465664968,S3-894349537
S1-697980001	S2-238227544,S2-256337315,S2-504920500,S3-203229271,S3-464161777
S1-338401200	S3-148404232,S3-252303002
S1-501819870	S2-413475710,S3-123289138,S3-86029133
S1-541668027	S2-322333068,S2-391058869,S2-874166485,S2-984824554,S2-987475979,S3-177363978,S3-239202199
S1-966492570	S2-152194607,S2-390475677,S2-77669508,S3-226820728,S3-265373502,S3-318227191,S3-569451641,S3-731039631
S1-702544592	S3-856160330
S1-528495462	S2-383221971,S2-910298564,S2-937089285
S1-545863954	S2-384442003,S2-759573929,S2-771272899
S1-772195807	S2-293394835,S2-405783483,S3-514870771,S3-759296958,S3-947167928
S1-603731465	S3-273405887
S1-453539657	S2-585268205,S2-988466148,S3-623621291
S1-46249643	S2-536266873,S2-634987820,S2-834540822,S2-892346000,S3-157343847,S3-782320906
S1-317928365	S2-712915475,S2-933993096,S3-218060826,S3-228161558,S3-703115104
S1-735449543	S2-229032336,S2-466174713,S2-836095663,S3-593392930,S3-633657927,S3-797335165,S3-996877728
S1-368898506	S2-330029272,S2-683567547,S3-66904920
S1-39608811	S2-257356782,S2-592346942,S2-861470259,S3-182536681,S3-639907728,S3-841843337
S1-497232093	S2-240364786,S2-403914165,S2-500217128,S2-504244403,S2-510791157,S2-585837287,S2-784507382,S2-894674584,S2-89641942,S2-91671418,S3-103111775,S3-991632549
S1-740176897	S3-280827136,S3-974294347
S1-699373004	S2-209835331,S3-124624907,S3-488481179,S3-899519484
S1-760964613	S2-799642254,S3-878453173,S3-929746741
S1-759533619	S2-71437052
S1-89928972	S2-165324723,S2-228222366,S2-398401791,S2-400740412,S2-437810641,S2-519902979,S2-540667525,S2-797758901,S2-822543081,S3-24238944,S3-684166249,S3-996682341
S1-415302434	S2-194243629,S2-356895067,S2-579569063,S2-773297543,S2-8286129,S3-111738531,S3-52801348,S3-576329809
S1-397514626	S2-902966935,S3-143478814,S3-683176901,S3-781993085,S3-927909618
S1-603295553	S2-541936409,S3-428577973
S1-829004597	
S1-340381642	S2-281500497,S2-695586390,S2-8017290,S2-836761256,S2-855102414,S3-665354611
S1-831508195	S2-634411717,S3-351277632
S1-715029307	S2-216062003,S2-225811478,S2-964996911,S3-122524329,S3-198439350
S1-30383410	S2-303839999,S2-487904817,S3-126971257
S1-267323354	S2-995783484,S3-355090287,S3-909218585,S3-91826761
S1-189661852	S2-484249068,S2-699304426,S3-869708060
S1-232418369	S3-981813532
S1-626838100	S2-360321681,S2-491397089,S2-71788050,S2-806325388,S2-884423982,S3-245904961,S3-299846123
S1-900373432	S2-51836856,S3-554795898,S3-844746576,S3-851101319
S1-322014701	S2-341236819,S2-678369673,S3-263575684,S3-662334585
S1-714107578	S2-651375289,S2-664822511,S3-192302775,S3-611225651,S3-686496999
S1-923533895	S2-784805376,S2-822763358,S2-887297196
S1-445155683	S3-840384763
S1-70052354	S2-326675720,S2-460115092,S2-536279355,S3-788857721
S1-954767088	S2-851106858,S3-229261207
S1-529469516	S2-179000449,S2-26517926,S2-317493548,S2-441388235,S3-982893132
S1-650940902	S2-175018553,S2-179932291,S2-309299654,S2-998481766,S3-157011805,S3-277719703,S3-672977891
S1-200871763	S2-110176157,S2-138513234,S2-176596263,S2-226241673,S2-229109958,S2-34730811,S2-601456669,S2-602710957,S2-661308561,S2-728241874,S2-920783156,S2-95258052,S3-236014310,S3-485261861,S3-498905162,S3-527266489,S3-570799115,S3-633091899,S3-876555682,S3-970869584
S1-674001307	S2-445097881,S2-55962040,S3-164939489
S1-946578635	S2-255432127,S2-357054735,S2-435985754,S2-728496721,S2-841745202,S2-845645834,S2-922208754
S1-899271918	S2-239228636,S2-305694683,S2-643262292
S1-861020733	S3-113295693
S1-669118103	S2-101544429,S2-165820601,S2-557129215,S3-226386900,S3-378872427
S1-473518955	S2-800820742,S2-893756437,S3-468315195
S1-112878071	S3-346421276
S1-387370379	S2-277394480,S2-830088198,S2-90647228,S2-981989951,S3-138292276
S1-591825395	S2-990482170,S3-676989110
S1-341836448	
S1-730190320	S2-151812617,S2-272876936,S2-758612563,S2-888077416,S3-418681361
S1-686724393	S2-309911578
S1-884819027	S2-445942224,S2-999441256,S3-279509150,S3-82504710,S3-952050548
S1-634733706	S2-176354662,S2-318337747,S2-488392303,S2-512767054,S2-641141528,S2-677565089,S2-769166453,S2-8141672,S2-844138095,S2-931448307,S3-113714824,S3-124801143,S3-24998945,S3-406986833,S3-603023602,S3-711954093,S3-796976644,S3-813351243
S1-146764860	S2-161065939
S1-667494116	S2-645300630,S2-831554753,S2-911450010,S2-950562952,S3-161867127,S3-4894483
S1-644800304	S3-910532794
S1-559176480	S2-359847177,S3-98292312
S1-670613672	S2-513585627,S2-785128097,S2-785912245,S3-435235829,S3-611740776
S1-563834046	S2-191841685,S2-250669205,S2-68189914,S2-894825160,S3-226830473,S3-28282965
S1-605344566	S3-981731940
S1-45476583	S2-129323274,S2-290553057,S2-630291957,S3-304972094,S3-510295647,S3-709112368
S1-712193425	S3-353915311,S3-519340514,S3-934939933
S1-426796552	S2-228884856,S2-427604059,S2-712140069,S2-887201305,S2-952501263,S3-166441420,S3-424921523,S3-457073937
S1-358071494	S2-663783710,S3-178614048
S1-913184147	S2-339974980,S2-886142033,S2-992416302
S1-518999749	S2-190531136,S2-268009227,S2-597634284
S1-142991774	
S1-573105537	S2-714053121,S3-972895921
S1-402263041	S2-367054388,S3-403260526,S3-569118373,S3-753151721,S3-808460033
S1-852777299	S3-346024603,S3-62311680,S3-795767690
S1-817055009	S2-24870274,S2-265645092,S2-371230320,S2-525294986,S2-606582843,S2-836859252,S3-166202374,S3-186616996,S3-18679240,S3-189547455,S3-206899469,S3-254081255,S3-333905189,S3-518520959,S3-736390072,S3-891142772
S1-121278089	S2-50903269,S2-664781531,S3-210197624,S3-702528466,S3-727918569
S1-34406583	S2-683831863,S3-392484536,S3-657943678
S1-948206127	S2-265033181,S2-285235473,S2-639253034,S2-639860593,S2-643423351,S2-651166319,S2-709050360,S2-86364075,S2-962906023,S3-119863854,S3-164112817,S3-252662491,S3-347461471,S3-375235223,S3-420717022,S3-504217888,S3-5811759,S3-587764424,S3-685393403,S3-9726746
S1-793882586	S2-103269848,S2-321899639,S2-357415990,S2-901624314,S3-372073209,S3-519809101
S1-313423382	S2-907899855,S3-335419412,S3-758899955
S1-230616179	S2-153505197,S2-193653739,S2-241176698,S2-244226082,S2-256241077,S2-617503760,S2-641437448,S2-798565389,S3-411054237,S3-712100070,S3-900576374
S1-117946977	S2-312075962,S2-700656086,S2-769341248,S2-914642325,S2-919845914,S3-166194248,S3-663512892
S1-764467216	S2-550554579,S2-73468414,S2-745833963,S3-146055956,S3-289172836,S3-892085131
S1-600671460	S2-247704545,S3-185902298,S3-509942642,S3-706963695
S1-985458663	S2-133587792,S2-34198223,S2-518366659,S2-713433308
S1-998079629	S2-210795203,S3-110416886,S3-685478719,S3-779843568
S1-751723139	S2-225029650,S2-845224599,S2-890829870,S3-112684408,S3-166177761
S1-984503844	S3-424503610,S3-927462152
S1-436389656	S2-287303694,S3-782333492,S3-887609870,S3-978841330
S1-141582671	
S1-870259303	S2-163030347,S2-354743316,S2-491755789,S2-798385475,S3-271806273,S3-893929029
S1-202627015	S2-121936039,S2-162601497,S2-218778690,S2-225379358,S2-242423980,S2-311515946,S2-386163493,S2-408997030,S2-52766649,S2-530247686,S2-56486462,S2-662952744,S2-726138447,S2-775265811,S2-862556918,S2-919598943,S2-93847498,S3-212987915,S3-314308120,S3-521020982
S1-870670114	S2-377649193,S2-476345612,S2-774095572,S3-391199718,S3-548833394
S1-755329516	S2-811448925,S3-413876161,S3-630328340,S3-885312046,S3-918875828
S1-769735105	S2-195032496,S2-776439638,S3-513331917
S1-545535789	S2-601390888,S3-444798361,S3-620926611,S3-754082068
S1-255512449	S2-406409244,S2-56647749,S3-633619185,S3-656576609,S3-755308092,S3-766384285
S1-479368587	S2-209101791,S2-251633904,S2-758093802
S1-220217287	S2-613476177,S2-842939282,S3-642746332
S1-445413591	S2-11818511,S2-160767028,S2-49496590,S2-741031934,S2-997167283,S3-464468619,S3-571793384,S3-678936250,S3-8636915
S1-307330189	S2-479358890,S2-616374928
S1-576221857	S2-345637551,S3-923674905
S1-540647065	
S1-985849844	S2-188060279,S2-281054849,S2-403478950,S2-688993279,S2-832919302,S3-993687199
S1-129840509	S2-368389732,S3-637131637
S1-738529927	S2-121519722,S2-574195814,S2-984339199,S3-248012692,S3-368867783,S3-929496987
S1-631634336	S2-118515229,S2-169101479,S2-242836328,S2-295174410,S2-708378863,S2-872608136,S2-90748436,S2-915571636,S3-171652131,S3-588379284,S3-832188907,S3-904005280,S3-949838627
S1-620439917	
S1-645673704	S2-118884480,S2-141081902,S2-256870070
S1-366906832	S2-112727367,S2-720053732,S2-770554644,S2-85797615,S3-172622687
S1-818450767	S2-403418007,S2-573133851,S2-861763481,S2-939922394,S3-743710190,S3-895776843
S1-495018313	S2-193120699,S2-395064932,S2-513611535,S2-558846847,S2-720103381,S2-896238885,S2-920454988,S3-194550475,S3-425078586,S3-515381884
S1-236219320	S2-415263004,S3-864368208
S1-735494336	S2-331245541
S1-313486473	
S1-874756885	
S1-930629318	S3-395824514,S3-789335897,S3-928356785
S1-211227284	S2-198492308,S2-227678559,S2-34938055,S3-23023246,S3-426725428,S3-546575817,S3-570288788,S3-699543799
S1-665203072	S2-225145222,S2-290678434,S2-886086664,S3-429892167,S3-598792171
S1-990859962	S2-202597808,S2-841335830,S3-264460096,S3-670005827,S3-699646729,S3-814266863,S3-90485422
S1-743413952	S2-112419183,S2-760852459,S3-790735617
S1-288261457	S2-948481083,S2-952048795,S3-402057055,S3-412685499,S3-518610019
S1-325772170	S2-173047981,S2-445020737,S2-523029118,S2-684907219,S3-153792671,S3-763044978,S3-808472306
S1-584694385	
S1-196930853	S2-349501090,S2-407928692,S3-367779605,S3-382857972,S3-533584165,S3-712188058
S1-383705289	S2-436869419,S2-61720212,S2-942093379,S3-9001336,S3-938493457
S1-94503331	S2-405768245,S3-133802843,S3-51375091,S3-575116062
S1-647575013	S2-180088890,S2-29750750,S2-604076739,S2-905098451,S3-158017053,S3-172953494,S3-4610451
S1-362900691	S2-212602077,S2-613902391,S2-794209313,S3-443855007,S3-490636247,S3-996645599
S1-743701929	S3-424537505,S3-545701014
S1-554606367	S2-199676050,S2-649431829
S1-72057324	S3-232928464,S3-247390892
S1-537057658	S2-723750633,S3-227194271,S3-260548621,S3-260620109,S3-49269246,S3-569907390,S3-820369256
S1-863840933	S3-319864576
S1-867937984	S2-35384597,S2-467238482,S3-304796871,S3-328930680
S1-517585252	S2-664919249,S3-238638678,S3-551032245,S3-572084571,S3-686111828
S1-843460748	S2-561464405,S3-360912298,S3-762053699
S1-495431862	S2-206491472,S3-74976199
S1-705520087	S2-513824563
S1-629792731	S2-501776828
S1-24190993	S2-54635056,S2-931376604
S1-962462371	S2-330404588,S2-372329444,S2-756623157,S3-18636980,S3-40944668,S3-505730324,S3-98525263
S1-891460771	
S1-631267110	S2-953741371,S3-201115002,S3-326212152,S3-671848003
S1-616328186	S2-156272365,S3-129875220,S3-349290189
S1-989458781	S2-110475455,S2-164911110,S2-20095155,S2-319956275,S2-336309350,S2-363792244,S2-39962761,S2-510933010,S2-63903637,S2-762814298,S2-792519797,S2-990259305,S3-338000788,S3-379551266,S3-386693351,S3-452396743,S3-493265747,S3-613715123,S3-715146055,S3-805888909
S1-158427430	S2-508785670,S3-300030146
S1-943866501	S2-30576538,S2-925168059,S3-141204723,S3-642529401,S3-724521177,S3-759753844,S3-777185824,S3-916416746,S3-972465333
S1-772390233	S2-411935024,S2-590216056,S3-233621854,S3-612009917,S3-624198113,S3-63206153,S3-678800868,S3-798626112,S3-826350154
S1-555104163	S2-575141626,S3-6831989
S1-634708855	S2-173595529,S2-332876730,S3-266149496,S3-526607179,S3-895340788,S3-947687449
S1-574838650	S2-492078874,S2-502930865,S2-51215865,S3-619841264,S3-651466531
S1-454570944	S3-366141450
S1-824705510	
S1-353555145	S2-533164810,S2-8835885,S3-260423134,S3-751401112,S3-865204287
S1-868191449	S2-269437791,S2-601608052,S2-818529232,S3-259794781,S3-41772664,S3-845378151
S1-207542087	S2-406825956,S2-421392795,S2-776747495,S3-81249298,S3-84307252
S1-128224466	S2-170291994,S2-322903723,S2-370394181,S2-432095075,S3-359074651,S3-699769986
S1-437847715	S2-456191599,S2-723996634,S3-469685468,S3-832182670,S3-882805779
S1-175897406	S2-233024087,S2-282668772,S2-791702895,S2-860014231,S2-883218202,S2-94705321,S2-950224719,S3-608898889,S3-96777612,S3-983887667
S1-836657851	S2-252573013,S2-776351050,S2-800159029,S2-973475748,S3-599807224,S3-681175402,S3-740141006,S3-776061096
S1-738388422	S2-248854214,S2-337989388,S3-396487136,S3-570191416
S1-70730985	
S1-913071720	S3-569500613,S3-744751229
S1-730858570	S2-186173441,S2-384197131,S3-287870635,S3-456460189,S3-461185502,S3-846560832
S1-890842089	S2-734011922,S2-847650678,S2-888678067,S2-898721434,S3-242694950,S3-531435230
S1-755841052	S2-15537451,S2-376319274,S2-503492870,S2-96687083
S1-62406587	S3-405890116
S1-945599294	S2-204871347,S2-839971658,S2-858972731,S2-985262494,S3-171402046,S3-527972029,S3-84003580
S1-282690027	S2-527146506,S2-763273382,S2-791384064,S3-268143045,S3-44125147,S3-833528066
S1-119471339	S2-221524141,S2-577954883,S2-610058189,S3-635548831
S1-612238175	S2-186917321,S2-279185766,S2-667406730,S2-989575182,S2-991713864,S3-133085603,S3-850039768,S3-898087109,S3-912873346
S1-507700514	S2-25621649,S2-315799148,S3-277564109
S1-507057032	S2-10977605,S2-164639923,S2-503758067
S1-290658366	
S1-521891133	S2-192711351,S2-325250171,S2-372536821,S2-622087223,S3-278534575,S3-312553785,S3-778162286
S1-49325121	S2-275704192,S3-552201169
S1-169797977	S2-358219939,S2-786111464,S2-978925299,S3-799196060
S1-44516836	S2-130746145,S2-699284161,S3-325045609,S3-466504960,S3-614468959,S3-893411407
S1-27176967	S3-237948836,S3-492408727,S3-846959155
S1-428409415	S3-509875411,S3-990014393
S1-583030458	S3-443962911,S3-611738306
S1-659886446	S2-125932148,S2-177539174,S2-198452244,S2-201814167,S2-230377358,S2-361191864,S2-384485920,S2-488627753,S2-539893107,S2-760284816,S2-887839002,S3-45191229,S3-538854005,S3-814092370
S1-330401139	S2-196677657,S2-37169678,S2-696191767
S1-928776546	S2-949408933,S3-746830066
S1-79493353	S2-166861806,S3-169307180,S3-29380848,S3-716354643
S1-598644426	S2-164642099,S3-128896284
S1-491672580	S2-292268375,S2-296083713,S2-455121762,S3-819427724,S3-956650867
S1-527616111	S2-260263864,S2-534039907,S2-575491460,S2-587869878,S2-591343801,S3-181877410,S3-507031957,S3-648529287,S3-73358020
S1-269743554	S2-207537904,S2-425996842,S2-452583457,S2-561401092,S2-65378658,S2-702541849,S2-729818710,S2-738691936,S2-855351355,S2-871850863,S3-29497759,S3-347883763,S3-367761629,S3-448274714,S3-550009202,S3-772861141,S3-796999515,S3-866795052,S3-944738406,S3-966436666
S1-737563674	S2-562197905,S2-704667925,S3-293745052
S1-662097139	S2-203431069,S2-319671600,S2-589769261,S2-63649743,S2-788554796,S2-884772865,S3-346025949,S3-541156867,S3-797479296
S1-76227211	S2-566842378,S2-963666454,S3-509692861,S3-631628736
S1-754443232	S2-197612296,S2-233283535,S2-380674790,S2-626830017,S2-9278193,S3-730988363
S1-541847553	S2-4524326,S2-500706918,S3-464125372,S3-620195456,S3-703629333
S1-811085440	S2-414128
S1-398462363	S3-939292226
S1-310166751	S2-197564874,S2-434987856,S2-539362317,S2-637983097,S3-296864719,S3-562838169,S3-97219964
S1-258544368	S2-739109181,S3-315188557,S3-719189466,S3-913356693,S3-980873485
S1-29704874	S2-78873274,S3-423471817
S1-71390708	S2-170897003,S2-683733260,S3-744227708
S1-522847261	S3-527851576,S3-751613262
S1-209560741	S2-185614681,S2-744069711,S3-59192544,S3-667600650,S3-932329519
S1-76891238	S2-215541922,S2-490465449,S2-754417752,S3-228367348,S3-238597775,S3-602648144
S1-803723987	S2-233697931,S2-813700539,S3-780365732
S1-469837394	S2-130564125,S2-195275201,S2-320422541,S2-454545701,S2-485682182,S2-853240635,S2-860415313,S3-383775370,S3-88322401
S1-262724894	S2-25450988,S2-707553375,S3-319480330,S3-423319862,S3-687023304,S3-913294189
S1-789310261	S2-143731890,S2-288081046,S2-412160272,S2-551094231,S2-651570866,S2-752468666,S2-859423933,S2-87926059,S2-938680605,S3-340752240,S3-721160512
S1-476233101	S3-254142731
S1-156259591	S2-80238119,S3-132976425
S1-148192848	S2-944535843,S3-439668067,S3-479167307
S1-253986339	S2-224102682,S2-736399631,S3-849418302
S1-613788308	S2-395796500,S3-131048553,S3-32778144
S1-46734148	S3-289971731,S3-720043401
S1-925888590	S2-111386925,S2-460002560,S3-127461742,S3-172656528,S3-942604073
S1-384391959	S2-112541156,S2-283467012,S2-884282794,S2-935118781,S3-152570382,S3-712848899,S3-873839936
S1-733058423	S3-127310305,S3-410727376,S3-538418349,S3-733597430
S1-335922295	S2-171764216,S2-263676883,S2-5740333,S2-712854736,S2-788697479,S3-112225226,S3-728107925,S3-878548584,S3-913387461,S3-947918475
S1-62369497	S3-513196593,S3-684905805,S3-875352732
S1-472029773	S2-126209019,S2-250627467,S2-635656286,S3-559726848,S3-915565285
S1-379378394	S2-277896252,S2-901543914,S3-466289518
S1-802501899	S2-826869350,S3-412622440,S3-514315894,S3-693626189,S3-817109450
S1-404958214	S2-219355084,S3-334533078,S3-8509352
S1-134964502	S2-517957709,S2-933557091
S1-903680191	S3-285658464,S3-792378815
S1-746205301	S2-579689093,S2-633143249,S3-6333652
S1-356330116	S2-116640202,S2-72972055,S3-153027663,S3-421960017,S3-846763283
S1-897438771	S2-26248306,S2-669139066,S3-282864684,S3-443560965,S3-941488547
S1-216853138	S2-927137671,S3-143369291
S1-21010276	S2-296111658,S3-274372090,S3-498339561
S1-411150863	S2-947828672,S3-494264472
S1-721904625	S2-975516526,S3-3346217,S3-763832523
S1-500842861	S2-521225560,S2-574118713,S2-754685901,S3-590665163
S1-519840188	S2-482485298,S2-579558090,S2-765889331,S2-78013127,S2-855290619,S3-788006933
S1-371172270	S2-100587837,S2-139049820,S2-146705767,S2-231631896,S2-570047628,S2-768901847,S2-811544237,S2-978202729,S2-986393820,S3-120382340,S3-205638087,S3-442479504,S3-46044761,S3-776485357
S1-146269669	S2-838770537
S1-640903890	S2-320705190,S2-809866423,S2-862948988,S2-902352932,S3-136131916,S3-269814723,S3-703258877
S1-579513223	S2-201351108,S3-4595655
S1-834059246	S2-156443496,S2-229635846,S2-314218562,S2-470260443,S2-508607883,S2-509242829,S2-738116475,S2-742667094,S2-758721445,S3-116404078,S3-562104583,S3-65458359,S3-709501927,S3-793289301,S3-926546715
S1-543738021	S2-212758684,S2-638397100,S3-821739455
S1-464735932	S2-187125528,S2-257281079,S2-283332418,S2-468067303,S2-803194809,S2-923146898,S3-28151790,S3-318004513
S1-720494821	
S1-614166527	S2-676547453,S2-87406373,S2-988778756,S3-142827550,S3-788404593
S1-330425761	S3-517477301,S3-557550750
S1-636382711	S3-525793672,S3-692244874
S1-845582955	S2-247406225,S2-326413268,S2-640700015,S3-514199267
S1-864813407	S2-731702306,S2-81286561,S2-939970908,S3-128006463,S3-136837744,S3-166496342,S3-214889573,S3-478996216
S1-226835563	S3-770186621
S1-593083174	S2-666014442
S1-265308634	S2-110176157,S2-176596263,S2-229109958,S2-230025800,S2-264943869,S2-601456669,S2-661308561,S2-678385092,S2-728241874,S2-817544104,S2-867947660,S3-498905162,S3-513746290,S3-570799115,S3-876555682
S1-342524902	S3-734972619
S1-313657958	S3-111334285,S3-336590809,S3-38371223,S3-586552250
S1-761368811	S2-587300328
S1-370040082	S2-200354794,S2-302111683,S2-790905861,S3-387310180,S3-662612162
S1-30674002	S2-460434143,S2-81183557,S2-971567084,S3-705715491
S1-184326040	S2-244844187,S2-339458076,S2-369169822,S2-59598488,S2-63412147,S2-837716408,S2-844702721,S3-139515452,S3-26913471,S3-287410004,S3-377578489,S3-418626806,S3-528076921,S3-535398546,S3-551732337
S1-752875458	S2-201370569,S3-262512777,S3-406764133
S1-749190987	S3-668924095,S3-995036409
S1-303885393	S2-348405219,S2-587598655,S2-72424740,S3-267881212,S3-336437438,S3-537039741,S3-630291944
S1-524471698	S2-40068173,S2-515366288,S2-852931641,S3-847027630
S1-81401869	S2-137814770,S2-809428872,S2-85506947,S2-938808823,S2-938845361,S3-586319631
S1-600924899	S3-180562678,S3-45504778,S3-872567925
S1-223740121	S2-280044443,S2-658492644,S2-896574315
S1-497450389	S2-348048699,S2-435175040,S2-683837151,S3-811154074
S1-951404426	S2-975413133,S2-985192210,S3-20178298,S3-345590691
S1-677361364	S2-286850939,S2-580049999,S2-632168180,S2-710649780,S3-416233168,S3-656438010
S1-438605996	
S1-669877826	S2-841781828,S3-106777235
S1-293244964	S3-638881243,S3-85328531
S1-872080679	S2-180209507,S2-540963957,S2-718703095,S2-86933812,S3-934881752
S1-578655170	S2-879387329
S1-855309387	S2-136045611,S2-165528069,S2-267363218,S2-325405392,S3-466083752,S3-794723515,S3-794763959
S1-849800146	S2-224900756,S2-258890511,S2-742061876,S2-757323825,S3-153492696,S3-424207628,S3-845976982
S1-950006929	S2-10124068,S2-399551135,S3-161561780,S3-734544839,S3-844956483
S1-477543769	S3-273398006
S1-533947051	S2-201072653,S2-336673941,S2-348879443,S2-404656931,S2-554951079,S2-624570422,S2-629442002,S2-760525757,S2-82508904,S2-894699730,S3-11453637,S3-156773622,S3-245497840,S3-304877707,S3-311390250,S3-42465134,S3-580264243,S3-716540406,S3-83993354,S3-880742398
S1-689992280	S2-506140408,S2-565722774,S2-875754816,S3-339976201,S3-481549713,S3-742503343,S3-90879997
S1-827116132	S3-125694775,S3-693759955,S3-966862124
S1-130033627	S2-354620369,S2-768046589,S3-269144974,S3-30724476,S3-956859295
S1-200328362	S2-587184561,S2-588677921,S2-722016423,S3-410256963
S1-822365624	S2-976965955,S3-275011567
S1-973488776	S2-331875148,S2-896143076
S1-13451015	S2-134349331,S2-138124274,S2-377858458,S2-396078727,S2-396387690,S2-431544911,S2-432235712,S2-435337613,S2-652594491,S2-689396227,S2-704586983,S2-7517335,S2-787984262,S2-811258174,S2-848219138,S2-911828148,S2-921679035,S2-985840306,S3-395168751,S3-833167002
S1-618510970	S2-113395561,S2-594160243,S2-866641098,S3-126825632
S1-452851960	S2-567685432,S3-397814546,S3-990591644
S1-725672126	S2-316587899,S2-550315638,S2-773741389,S2-867414471,S2-998068976,S3-253693045,S3-632481830,S3-918559324
S1-371215032	S3-152625129
S1-880149151	S2-107893185,S2-31403364,S2-387182334,S2-414371458
S1-704316296	S2-360675610,S2-708234279,S3-3194259,S3-360124195
S1-491775540	S2-184990526,S2-641047503,S2-782765375,S3-997527359
S1-503016984	S2-15239601,S2-18093254,S2-771310167,S3-147475563,S3-412919609,S3-639322218,S3-641848602
S1-446731231	S2-119736157,S2-329368089,S2-522635053,S3-112439188,S3-396999680,S3-537033624,S3-586745286,S3-59344919
S1-908289013	S2-242377446,S2-579199753,S2-726624641,S3-683197953
S1-450337428	S2-574455957,S2-954706165,S3-406435835,S3-450620976,S3-469642118,S3-722440900,S3-764964255,S3-811197134
S1-29596643	S2-136461683,S2-257557226
S1-601561210	S2-150783646,S2-233269551,S2-393973248,S2-550503300,S2-592157396,S3-502669633,S3-764187956,S3-956226709
S1-597171150	S2-284355176,S2-724803047,S2-852206551,S2-892367806,S3-656504297
S1-754410830	S2-861048128,S2-931055519,S3-475957900,S3-723710996
S1-995936163	S2-160997856,S2-366970567,S2-784556413,S2-794309165,S3-634698587
S1-990991704	S2-305052386,S2-541069016
S1-52033338	S2-464384194,S2-7169588,S2-787924943
S1-717480913	S2-564474227,S2-568621810,S2-868814399,S2-919943285
S1-699194125	S2-233939017,S2-288489442,S2-451733745,S2-622995264,S2-987382970,S2-998492892,S3-108297280,S3-111325422,S3-296596010,S3-442499875,S3-452443959,S3-566016345,S3-677844176,S3-680143148,S3-801047545,S3-971144719
S1-685163224	S2-178120123,S2-500676341,S2-791282314
S1-185787384	S2-696093287,S3-383192789,S3-764198507,S3-792655822,S3-833779003
S1-263986904	S2-15955960,S3-183040842,S3-898340631,S3-989378974
S1-109940605	S2-119326035,S2-32665340,S2-664624539,S3-289090363,S3-327717468,S3-331580529,S3-488589484,S3-537210298,S3-616749167,S3-947165787
S1-109569754	S2-670476200,S2-856850105,S3-131814953,S3-347961175
S1-161663716	S2-50395656,S2-654707778,S3-621042579,S3-884929368
S1-162695461	S2-92325484,S2-981900369,S3-149505816,S3-154804422,S3-177223520
S1-648022940	S2-320645517,S2-563336777,S2-566984452,S2-69217513,S3-799573268,S3-953161217,S3-980111933
S1-807531920	S2-124102520,S2-9284804,S3-206363688,S3-372222854
S1-622031313	
S1-147548498	S2-287020310,S2-932853263,S3-419230004,S3-880035934
S1-26628666	S2-657025003,S2-853195812,S3-219918523,S3-471070882,S3-635953835
S1-240414034	S2-252873734,S2-334267253,S2-638774669,S2-858099080,S2-894607397,S2-970470032,S3-168692989,S3-17972261,S3-235249310,S3-252977477,S3-383492855,S3-837972700
S1-377471644	S2-209232817,S2-496274629,S2-96739947,S3-106044742,S3-835622399
S1-795051867	S2-107178670,S3-10033147
S1-518221826	S2-35779504,S2-755763824,S3-102493433,S3-371534378,S3-519534808
S1-569486927	S2-825084090,S3-28105886,S3-433037437
S1-788480541	S2-945279843,S3-166635413
S1-650931728	S2-662241113,S2-691580077,S3-203916964,S3-362323758,S3-474586655
S1-949970105	S2-133862949,S2-348250245,S3-875562282,S3-90477790
S1-224442543	S2-314201561,S3-121558902,S3-357166507,S3-478128761,S3-640882566
S1-262086042	S2-325956139,S2-702736058,S2-942487517,S3-396901961,S3-436130545,S3-563466553,S3-855159117
S1-539063080	S2-550406141,S3-210774198,S3-756490712,S3-806706030,S3-846387747,S3-882729031
S1-758070549	S2-141395410,S2-570729001,S3-307632812,S3-469564784
S1-102067063	S2-357172381,S2-450396924,S2-964039552,S3-14190029,S3-281438714
S1-232798487	S2-477779561,S3-859179571
S1-105827392	S2-211382545,S2-517494244,S2-639948028,S2-782797861,S2-831279855,S2-87760868,S3-887977648
S1-906803032	S2-104551846
S1-42258623	S2-137175214,S2-486211996,S2-489332607,S3-191295606
S1-578070457	S2-376462529,S2-502996316,S2-846405443,S3-294093770,S3-294311434
S1-179448674	S2-555026259,S2-671215621,S3-106314911,S3-884026252,S3-914736234
S1-377942865	S2-764652743
S1-117124656	S2-273609983,S2-715634936,S2-748511003,S3-305111733
S1-993829678	S2-420016120,S2-769571546,S3-180776940,S3-415135292,S3-964962378
S1-170883326	S2-22761429,S2-485057790,S2-635063335,S3-268429616,S3-29987568,S3-525083607,S3-548308123
S1-966166665	S2-400147630,S2-525418983,S2-942209677,S3-356487709,S3-410984379,S3-652537373
S1-168402024	S2-132600748,S2-405484687,S2-547791517,S2-669277675,S3-172682406,S3-191203762,S3-284046171,S3-383175597,S3-530933553,S3-611616169,S3-89260934
S1-432612382	S2-275802745,S2-783613714,S2-835715074,S2-859395228,S2-968883222,S3-5210369,S3-844872054,S3-950458523
S1-106694036	S2-446479058,S2-519448849,S3-642397178
S1-860696171	S2-179035078,S2-293930904,S3-112626908,S3-135093994,S3-571593004
S1-947779057	S2-186865114,S3-3532457,S3-436084366,S3-452905910,S3-54066974,S3-894518231,S3-958089258
S1-478187960	S2-155253907
S1-901582927	S2-241125990,S3-552737308,S3-791336529
S1-903791016	S2-314493753,S2-619748967,S3-179758198
S1-11483643	S2-302671464,S2-336372832,S2-994138345,S3-946638461
S1-347810367	S2-427964956,S2-446149122,S2-745276365,S3-2965120,S3-408638839
S1-557169552	S2-788920987,S2-929544093,S2-985380205,S3-224345630,S3-775694490
S1-618760923	S2-846105125
S1-342769339	S2-235620361,S2-30830421,S2-952719773,S3-100859612,S3-177683130,S3-436514955,S3-725867292
S1-533988643	S2-446713549,S2-508394232,S2-861157555,S2-92851629,S2-944530664,S3-19578201,S3-51652890,S3-552560551,S3-88429195
S1-683869141	S2-13498080,S2-151559313,S2-357309039,S2-397392336,S2-547323953,S2-647914006,S2-712079608,S2-924633488,S3-172672302,S3-527838121,S3-736735912,S3-904835843,S3-970179727
S1-293619205	S2-447500848,S2-647044577,S3-948549393
S1-896292297	S3-270253878,S3-941707969
S1-926971348	S2-390350294,S2-585844269
S1-329066163	S2-234933575,S2-441135875,S2-503090374,S3-167527850,S3-303197693,S3-611827122
S1-658544337	S2-873021022,S3-359181566
S1-137870529	S2-130309662,S2-261104722,S2-315675866,S2-421436999,S2-773490918,S2-982428255,S3-189063698,S3-285825313,S3-507194272,S3-587236626,S3-646076638,S3-671283141,S3-724640087,S3-907736659
S1-486008614	S2-31083507,S2-660052497,S2-762543166,S2-932120146,S2-982956363,S3-136294138,S3-805574283
S1-935841397	S2-931835925,S3-131091351,S3-324443887,S3-927006439
S1-326846186	S2-137397149,S2-635602608,S3-174601459,S3-438011062,S3-665999377,S3-689813159,S3-790449434
S1-711330965	S2-450373904,S2-900320688,S3-550017064,S3-768718329
S1-722405675	S2-597733886,S2-800485802,S2-952413271,S3-980957692
S1-463287529	S3-852581654
S1-149411806	S2-563697388,S2-963007737,S3-676886341,S3-95538214
S1-541361289	S2-368587285,S2-63451860,S2-676653244
S1-977429262	S2-295522411,S2-305746238,S2-329212301,S2-604123258,S2-80813200,S2-851874873,S3-728564067
S1-11172779	S2-141803548,S2-485253157,S3-481006431,S3-501655054,S3-723819735
S1-350174317	S2-318116937,S3-329419684,S3-877935539
S1-279892562	S2-145099983,S2-320745986,S3-509556057,S3-538984054,S3-950611191
S1-822292739	
S1-272127430	S2-130150393,S2-254886119,S2-386337920,S2-392553522,S2-446217143,S2-453074402,S2-45672467,S2-483861035,S2-645533697,S2-663843589,S2-718823450,S2-87319490,S2-920529825,S2-925918430,S2-944203247,S3-450690120,S3-91980353
S1-667764898	S2-40389315,S2-67091173,S2-787453387,S2-83740665,S3-567299923
S1-581382815	S2-171881645,S2-343732612,S2-61319056,S3-344112218
S1-473952711	S2-520894209,S2-564858126,S2-578732953,S2-717382269,S2-982596046,S3-418613237,S3-465590413
S1-221315364	S3-21431721,S3-549920475
S1-250931789	S2-152650204,S2-297683064,S2-895551802,S3-200124289,S3-255386124,S3-4604707,S3-870553450
S1-598934460	S2-664095319,S2-869410128,S3-383233246,S3-51805508,S3-592572841
S1-584697437	S2-145632631,S2-251500821,S2-942646919,S3-157767591,S3-326093668,S3-699867926
S1-405602194	S3-897523996
S1-608664540	S2-144068962,S2-260632240,S3-46260901,S3-955975612,S3-967066725
S1-84451840	S2-608419060,S3-36707061,S3-404892862,S3-412687348,S3-452814698
S1-167638623	S2-338326265,S2-407365915,S3-880487485,S3-970761312
S1-956897563	
S1-729467781	S2-153218257,S2-606128538,S2-656934262,S2-835409297,S2-902514914,S3-433470798,S3-706318130,S3-853762847,S3-996144058
S1-80773469	S2-402517287,S2-429819493,S2-778244440,S3-160058942,S3-348276832,S3-771895116
S1-513599911	S2-24965076,S2-349722693,S2-723063286,S2-74419791,S2-748311396,S2-8508313,S2-922373960,S3-131289409,S3-499529172,S3-539447982,S3-572813411,S3-749396354
S1-533522938	S2-422821371,S3-447923876,S3-485684051,S3-785749666
S1-581757578	S2-16870152,S2-664940580,S3-257992805
S1-657558693	S2-386313355,S3-172394845,S3-205610578,S3-685877665
S1-402494925	S2-109591901,S2-878023175,S3-118992027,S3-214392429,S3-51033021,S3-540695178,S3-593523688,S3-606940916
S1-387016214	S2-150264228,S2-162670424,S2-986507216,S3-775523582
S1-266555379	S2-433830808,S2-470426448,S2-68320231,S3-171652869,S3-470118490,S3-975391065
S1-669776689	S2-433721543,S2-866913908,S2-884317867,S3-282799643,S3-495575651
S1-225034106	S2-445690330,S2-466630089,S2-613540538,S2-952431158,S3-692815380,S3-756899198
S1-751033619	S2-571521660,S3-351742826,S3-711369345
S1-976424391	S2-195435299,S2-251484769,S2-360719270,S2-370543165,S2-623191412,S2-63506594,S2-812773694,S2-857477328,S2-871843658
S1-519677292	S2-286924108,S2-355759260,S3-327742420,S3-60592553
S1-443534708	S2-734991190,S2-973022299,S3-397025424,S3-479276420,S3-496538181,S3-626930124
S1-382169090	S2-671058356,S2-686536301,S2-849031685,S2-995829620,S3-12690867
S1-790517362	S2-168119610,S2-228599848,S2-992436882
S1-880615423	S2-210002016,S2-466114681,S3-156056641,S3-358022376,S3-612644897,S3-686532744,S3-9227717
S1-449179193	S2-389998485
S1-48180936	S2-241764289,S2-495786890,S2-562867381,S2-86874056
S1-427642601	S2-452511286,S2-749650028,S3-541963415,S3-586779659
S1-912943762	S2-304587486,S2-655401635,S3-861726710,S3-909182762
S1-671491624	S2-508224764,S3-252426150,S3-459937581
S1-55716966	S2-553040684,S2-67046058,S3-409569947,S3-753865673
S1-98549181	S2-221804257,S2-854294190,S3-237219664,S3-3843630,S3-512221858
S1-815606753	S2-632563639,S2-92161341
S1-407721399	S2-242056219,S2-384490246,S2-521332206,S2-969540902,S3-156166900,S3-169729910,S3-312154883,S3-428958650,S3-57700056,S3-584969889,S3-667623891,S3-698222925,S3-754465330
S1-796461188	S2-575081886,S2-609495812,S2-650640716,S2-767017763,S3-384381925,S3-483224574
S1-959883069	S2-564698096,S2-615526201,S2-68772136,S3-508126676,S3-517116339,S3-719485234
S1-166391907	S2-254074044,S2-424218928,S2-59793603,S2-901482866,S3-360424192,S3-372514642,S3-844649754
S1-726276781	S2-2063353,S2-272018343,S2-441456867,S2-507446771,S2-608234908,S2-796924756,S2-880901957,S2-940506859,S3-313248987,S3-34820633,S3-354134670,S3-521254480,S3-662452598,S3-72081782,S3-892108082
S1-120806394	S2-190639422,S2-578210575,S2-768620537,S3-556760526,S3-692123906,S3-922028184
S1-391836868	S2-267527267,S2-498420659,S2-910918779,S2-921232140,S3-284245066,S3-591670552,S3-744333732
S1-200079725	S2-13155039,S2-18812099,S2-419074899,S2-561895616,S3-492438082
S1-765276200	S2-625803921,S2-658762177,S2-72969210,S2-83952182,S2-930394437,S3-154635460,S3-266268724,S3-288004372,S3-350043085,S3-878729460,S3-915176624,S3-94822373
S1-899317092	S2-307331331,S2-308328275,S2-475389185,S2-63557192,S3-751418656
S1-775310986	S2-319689766,S2-362202390,S2-646321061,S2-649867870,S2-680580188,S2-905168262,S3-172253783,S3-741392143
S1-305472241	S2-12424172,S2-141978126,S2-247944971,S2-270470117,S2-326329291,S2-424172735,S2-583567562,S2-589163947,S2-694379806,S2-754872831,S2-816437974,S2-958419787,S3-118088779,S3-160713078,S3-503492783,S3-558199243,S3-639490618,S3-902034466
S1-865063383	S2-373333680,S2-516495754
S1-264694687	S2-387932508,S2-460722696,S2-554442598
S1-526715015	S2-842812316,S2-86943486,S3-516555218,S3-675778260
S1-299047552	S2-739343826
S1-983022047	S2-38145380,S2-691487543,S2-838108266,S3-232919641,S3-586188414,S3-626620494,S3-714810251,S3-757450407
S1-864843313	S2-816159863,S3-137127517,S3-760309210
S1-301477237	S2-314962734,S2-569926722,S2-588978663,S3-612080021
S1-673136886	
S1-230813348	S2-183787221,S2-499499588,S2-720733093,S3-417153361
S1-404917346	
S1-672593972	S2-826253124,S2-893571566,S3-770115357,S3-851057737,S3-918708483
S1-541465582	S2-133718208,S2-211306217,S2-720497519,S3-834913116
S1-703209922	S2-37389388,S2-394081063,S2-790554646,S3-370191665
S1-985578465	S3-146961932,S3-870612801,S3-90402789
S1-602902072	
S1-487057151	S2-476993899,S2-785914648,S3-17355457,S3-302508124,S3-31770376
S1-736800651	S2-101547600,S2-117254886,S2-203716352,S2-209575460,S2-44235967,S2-448770678,S2-58634867,S2-66043501,S2-691762250,S2-798345956,S2-866719699,S2-917352553,S3-37398900,S3-409008807,S3-599495301,S3-711655000,S3-880304483,S3-959693156
S1-935703327	S2-130147955,S2-966661288
S1-308849584	S2-107792556,S2-639088463,S2-689238900,S2-866559871,S3-342447307,S3-458186861,S3-662534378,S3-801618895,S3-911948966,S3-968661614,S3-992426894
S1-61384671	S2-534580132,S2-591640881,S2-815168474,S3-111875584,S3-412805183,S3-579622600
S1-852148273	S2-261167671,S2-953178347,S3-168485109,S3-815425760,S3-966266387
S1-787461836	S2-195451180,S2-419987195,S2-4288004,S2-69522069,S2-872898951,S2-95758126
S1-629887537	S2-265036308,S2-347423386,S2-857224554
S1-71595254	S2-318621573,S2-47989528,S2-598803180,S2-954791891,S3-688962829,S3-751011730,S3-81258170,S3-959788930
S1-140373393	S2-655282381,S3-29596340,S3-758007664
S1-712418507	S2-231847310,S2-287604808,S2-986645713,S3-175420423,S3-719593440
S1-515072958	S3-254515323,S3-630649001
S1-197280203	S2-104556272,S2-104590092,S2-122311937,S2-147755968,S2-56850263,S2-612039318,S2-748925326,S2-979801564,S3-101471729,S3-170709433,S3-317855000,S3-441998803,S3-609406969,S3-665608156,S3-735498564,S3-817124783,S3-982991317
S1-794806928	S2-220528624,S2-301691378,S2-467908073,S2-69968390,S2-710496040,S2-78538804,S2-956268185,S3-673397314
S1-195675964	S2-107557903,S2-601942475,S2-79038929,S3-306293324,S3-694725841
S1-245620451	S2-310723739,S2-401019933,S2-697870384,S2-824224908,S3-263278642,S3-499796112,S3-674696049,S3-869727643
S1-402387176	S3-367395158,S3-443876030,S3-78561074,S3-856147141,S3-955167632
S1-218107486	S2-449088274,S2-759808290,S2-896681409,S2-972389676,S3-692672809
S1-899593553	S2-718689834,S3-308121546,S3-497914134,S3-544446296,S3-693414246,S3-934549146
S1-103648967	S2-354724531,S2-562614366,S2-635926404,S3-262863768
S1-186871220	S2-581270995,S2-949165624
S1-856200540	S2-210749977,S2-601980220,S3-776756891
S1-952064431	
S1-15967051	S3-274943292
S1-499785692	S2-165360924,S2-198866483,S2-262457105,S2-438622447,S2-446217550,S2-468873936,S2-52749273,S2-653110968,S2-706454319,S2-816747300,S2-835740997,S3-198667605,S3-220823301,S3-493855767
S1-954789288	S2-132561405,S2-580357277
S1-543400611	
S1-552047258	S2-12791613,S2-438213269,S2-67380924,S2-980569997,S3-428514109,S3-496906998,S3-595803286,S3-80445728,S3-904790066
S1-654184515	S2-415389306,S2-833616678,S3-317023325,S3-727553611
S1-276858394	S2-342929308,S2-37740497,S3-795106501
S1-533888847	S2-328507039,S2-763711714,S3-128771145
S1-323057996	S2-267158013,S2-658616975,S3-310997048,S3-394271549,S3-403101383,S3-413041401,S3-915710924
S1-320086079	S2-65208722,S3-140425898
S1-855616906	S2-642811796,S2-752426483,S2-81359118,S3-132993490,S3-428755199,S3-732141319,S3-898540106
S1-744754397	S2-312033138,S2-946669406,S3-108655758,S3-513957230,S3-723527328
S1-152508801	S3-102852571,S3-532731179,S3-862356466
S1-307615125	S2-30419437,S2-47877274,S2-625162201,S3-581938595,S3-841161709,S3-92758893
S1-143536197	S2-269651098,S2-284894971,S2-287884254,S3-207182797
S1-618419675	S3-178206706,S3-396399117,S3-81971153,S3-911538155
S1-259620026	S2-466370561,S2-807337566,S3-545221174,S3-679969178,S3-95544529
S1-584838253	S2-855712738,S3-40704067,S3-801355333,S3-878153677
S1-39575732	S2-100181112,S2-133583268,S2-261416198,S2-331588491,S2-806584724
S1-692949559	S2-142681426,S2-519748104,S3-24622475,S3-272587052,S3-41623460,S3-535666442
S1-777929094	S2-321468137,S2-56758149,S3-205000175,S3-27489952,S3-361871265,S3-990312966
S1-31931266	S2-218448251,S2-327136884,S2-648872469,S3-265514246,S3-941946597
S1-337081657	S3-375730952,S3-449694576,S3-804153881
S1-478404464	S2-524607849,S2-845974866,S3-118991403
S1-916370847	S2-551906016,S2-571700211,S2-954391431,S3-286728881,S3-600376778,S3-63753451
S1-373387246	S2-186451971,S2-52734457,S2-808144587,S3-110236940,S3-215572226,S3-959313455
S1-769814533	S2-11494517,S2-370334390,S3-75286254
S1-423303116	S2-348771999,S2-415593439,S2-555561596,S2-639753704,S2-679028686,S2-728810795,S2-738785346,S2-985128408,S3-104737230,S3-143856842,S3-152194898
S1-765122448	S2-112910607,S2-291951298,S2-41951784,S2-553572793,S3-320090764,S3-685803415
S1-143143410	S2-164856325,S2-876650110,S2-9380461,S3-257414356,S3-257938207,S3-472914593,S3-485605881,S3-608756150,S3-731167215,S3-923060750
S1-45193124	S2-245180986
S1-957659829	S2-24634445,S3-899924096
S1-783895442	S2-19172026,S2-530055302,S2-643864721,S2-690594785,S3-689256824,S3-827485533,S3-895172477
S1-241194969	
S1-906946241	S2-112451679,S2-836704874,S2-944245377
S1-660027440	S2-653517220,S2-658665296,S2-773501319,S3-230255346,S3-325275634,S3-330517232,S3-370712747,S3-371678880,S3-533342769,S3-82564698,S3-845975647,S3-92055270,S3-946222114
S1-461670379	S3-313523262
S1-985740908	S2-678310928,S3-865781213
S1-870743390	S2-513752932,S3-326164527
S1-575174642	S2-108820426,S2-112719774,S2-130050780,S2-209663594,S2-336097483,S2-92323907,S3-555925178,S3-683658794
S1-828526849	S2-832686081,S2-858933517,S3-336961706,S3-441348245,S3-991823815
S1-670774972	S2-681789462,S2-762167661
S1-222836798	S2-690569624,S2-965521247
S1-941927098	S2-221614512,S2-342345469,S3-94289489,S3-962332856
S1-36050400	S2-135326945,S2-326895948,S2-965498856,S3-362041243,S3-545578962,S3-831186136,S3-890622316
S1-480447397	S2-164808259,S2-313329293,S3-750825694
S1-810784492	S3-403362497
S1-311974093	S2-104639964,S2-187841044,S2-288793144,S2-492365356,S2-645508022,S2-927648140,S3-829599479,S3-850213079,S3-871819463
S1-59070872	S2-666550491,S2-895657665,S3-173552811,S3-583385545,S3-775862459,S3-891118755
S1-226072612	S2-581710799,S3-306917068,S3-636466963,S3-731335463
S1-142032781	
S1-45340570	S2-358847151,S2-382041973,S2-96056366,S3-253379044
S1-917054737	S2-121218781,S2-317498395,S2-713754625,S3-269961188,S3-340086735,S3-467282938,S3-773665440
S1-740535429	S2-481854013,S2-662481010,S3-712467869,S3-799074989
S1-547382550	S2-264562735,S2-684458652,S2-940415487,S3-965336875
S1-705324532	S2-23501635,S2-590680320,S3-795164347
S1-754493357	S3-511650093,S3-94158342
S1-831250685	S2-840265634,S3-341911790
S1-522913763	S2-391020136,S2-753241749,S2-919410954
S1-934216469	S2-115114446,S2-392809286,S2-457771032,S2-731272233,S3-467902255
S1-860733442	S2-10874063
